{
  "step_number": 1,
  "current_token_ids_in_window": [
    101,
    102
  ],
  "Q_matrix": [
    [
      9.0,
      10.0,
      11.0,
      12.0
    ],
    [
      20.200000000000003,
      22.799999999999997,
      25.4,
      28.0
    ]
  ],
  "K_matrix": [
    [
      0.1,
      0.2,
      0.30000000000000004,
      0.4
    ],
    [
      0.5,
      0.6000000000000001,
      0.7000000000000001,
      0.8
    ]
  ],
  "V_matrix": [
    [
      1.0,
      2.0,
      3.0,
      4.0
    ],
    [
      5.0,
      6.0,
      7.0,
      8.0
    ]
  ],
  "attention_scores_unscaled": [
    [
      11.000000000000002,
      27.8
    ],
    [
      25.400000000000002,
      63.96
    ]
  ],
  "softmax_scores": [
    [
      0.00022481677023329568,
      0.9997751832297667
    ],
    [
      4.23450243624571e-09,
      0.9999999957654975
    ]
  ],
  "full_attention_output": [
    [
      4.999100732919066,
      5.999100732919066,
      6.999100732919066,
      7.999100732919066
    ],
    [
      4.99999998306199,
      5.99999998306199,
      6.99999998306199,
      7.99999998306199
    ]
  ],
  "new_token_output_vector": [
    4.99999998306199,
    5.99999998306199,
    6.99999998306199,
    7.99999998306199
  ]
}