{
  "step_number": 3,
  "current_token_ids_in_window": [
    102,
    103,
    104
  ],
  "Q_matrix": [
    [
      20.200000000000003,
      22.799999999999997,
      25.4,
      28.0
    ],
    [
      31.400000000000002,
      35.6,
      39.8,
      44.0
    ],
    [
      42.6,
      48.4,
      54.2,
      60.0
    ]
  ],
  "K_matrix": [
    [
      0.5,
      0.6000000000000001,
      0.7000000000000001,
      0.8
    ],
    [
      0.9,
      1.0,
      1.1,
      1.2000000000000002
    ],
    [
      1.3,
      1.4000000000000001,
      1.5,
      1.6
    ]
  ],
  "V_matrix": [
    [
      5.0,
      6.0,
      7.0,
      8.0
    ],
    [
      9.0,
      10.0,
      11.0,
      12.0
    ],
    [
      13.0,
      14.0,
      15.0,
      16.0
    ]
  ],
  "attention_scores_unscaled": [
    [
      63.96,
      102.52000000000001,
      141.08
    ],
    [
      100.12,
      160.44,
      220.76000000000002
    ],
    [
      136.28000000000003,
      218.36,
      300.44
    ]
  ],
  "softmax_scores": [
    [
      1.7931010958499763e-17,
      4.23450243624571e-09,
      0.9999999957654975
    ],
    [
      6.3585318584569355e-27,
      7.974040292383992e-14,
      0.9999999999999203
    ],
    [
      2.254804668704373e-36,
      1.5016007021523309e-18,
      1.0
    ]
  ],
  "full_attention_output": [
    [
      12.99999998306199,
      13.99999998306199,
      14.99999998306199,
      15.999999983061988
    ],
    [
      12.999999999999682,
      13.999999999999682,
      14.999999999999682,
      15.999999999999682
    ],
    [
      13.0,
      14.0,
      15.0,
      16.0
    ]
  ],
  "new_token_output_vector": [
    13.0,
    14.0,
    15.0,
    16.0
  ]
}