{
  "step_number": 2,
  "current_token_ids_in_window": [
    101,
    102,
    103
  ],
  "Q_matrix": [
    [
      9.0,
      10.0,
      11.0,
      12.0
    ],
    [
      20.200000000000003,
      22.799999999999997,
      25.4,
      28.0
    ],
    [
      31.400000000000002,
      35.6,
      39.8,
      44.0
    ]
  ],
  "K_matrix": [
    [
      0.1,
      0.2,
      0.30000000000000004,
      0.4
    ],
    [
      0.5,
      0.6000000000000001,
      0.7000000000000001,
      0.8
    ],
    [
      0.9,
      1.0,
      1.1,
      1.2000000000000002
    ]
  ],
  "V_matrix": [
    [
      1.0,
      2.0,
      3.0,
      4.0
    ],
    [
      5.0,
      6.0,
      7.0,
      8.0
    ],
    [
      9.0,
      10.0,
      11.0,
      12.0
    ]
  ],
  "attention_scores_unscaled": [
    [
      11.000000000000002,
      27.8,
      44.60000000000001
    ],
    [
      25.400000000000002,
      63.96,
      102.52000000000001
    ],
    [
      39.800000000000004,
      100.12,
      160.44
    ]
  ],
  "softmax_scores": [
    [
      5.055394299719057e-08,
      0.0002248167588679203,
      0.999775132687189
    ],
    [
      1.7931010958499763e-17,
      4.234502436245695e-09,
      0.9999999957654975
    ],
    [
      6.358531858457026e-27,
      7.974040292384105e-14,
      0.9999999999999203
    ]
  ],
  "full_attention_output": [
    [
      8.999100328532984,
      9.999100328532982,
      10.999100328532982,
      11.999100328532982
    ],
    [
      8.99999998306199,
      9.99999998306199,
      10.99999998306199,
      11.99999998306199
    ],
    [
      8.999999999999682,
      9.999999999999682,
      10.999999999999682,
      11.999999999999682
    ]
  ],
  "new_token_output_vector": [
    8.999999999999682,
    9.999999999999682,
    10.999999999999682,
    11.999999999999682
  ]
}