{
  "step_number": 4,
  "current_token_ids_in_window": [
    103,
    104,
    105
  ],
  "Q_matrix": [
    [
      31.400000000000002,
      35.6,
      39.8,
      44.0
    ],
    [
      42.6,
      48.4,
      54.2,
      60.0
    ],
    [
      53.800000000000004,
      61.2,
      68.6,
      76.0
    ]
  ],
  "K_matrix": [
    [
      0.9,
      1.0,
      1.1,
      1.2000000000000002
    ],
    [
      1.3,
      1.4000000000000001,
      1.5,
      1.6
    ],
    [
      1.7000000000000002,
      1.8,
      1.9000000000000001,
      2.0
    ]
  ],
  "V_matrix": [
    [
      9.0,
      10.0,
      11.0,
      12.0
    ],
    [
      13.0,
      14.0,
      15.0,
      16.0
    ],
    [
      17.0,
      18.0,
      19.0,
      20.0
    ]
  ],
  "attention_scores_unscaled": [
    [
      160.44,
      220.76000000000002,
      281.08000000000004
    ],
    [
      218.36,
      300.44,
      382.52000000000004
    ],
    [
      276.28000000000003,
      380.12000000000006,
      483.96000000000004
    ]
  ],
  "softmax_scores": [
    [
      6.358531858456845e-27,
      7.974040292383992e-14,
      0.9999999999999203
    ],
    [
      2.2548046687043088e-36,
      1.5016007021522881e-18,
      1.0
    ],
    [
      7.995783000203787e-46,
      2.8276815591936824e-23,
      1.0
    ]
  ],
  "full_attention_output": [
    [
      16.99999999999968,
      17.99999999999968,
      18.99999999999968,
      19.99999999999968
    ],
    [
      17.0,
      18.0,
      19.0,
      20.0
    ],
    [
      17.0,
      18.0,
      19.0,
      20.0
    ]
  ],
  "new_token_output_vector": [
    17.0,
    18.0,
    19.0,
    20.0
  ]
}